Date,Product,Region,Customer_Type,Quantity,Price,Discount,Revenue
2024-11-22,Truck,South,Individual,1,52423.43,0.27,38269.1
2024-04-05,Sedan,South,Corporate,3,58856.04,0.27,128894.73
2024-09-01,Coupe,West,Individual,4,47876.41,0.04,183845.41
2024-11-10,Coupe,West,Corporate,4,26696.72,0.25,80090.16
2024-06-02,SUV,East,Individual,1,37927.63,0.21,29962.83
2024-01-04,Truck,East,Individual,1,23803.64,0.07,22137.39
2024-11-02,Coupe,East,Corporate,3,55373.25,0.08,152830.17
2024-02-09,Coupe,South,Individual,1,17539.3,0.17,14557.62
2024-11-02,Sedan,West,Corporate,3,43268.63,0.05,123315.6
2024-08-05,Sedan,West,Corporate,4,34473.35,0.29,97904.31
2024-09-19,Coupe,South,Individual,4,36220.26,0.24,110109.59
2024-06-04,SUV,South,Corporate,4,50017.99,0.02,196070.52
2024-09-21,Sedan,East,Individual,1,52338.95,0.04,50245.39
2024-04-13,Coupe,West,Corporate,4,18103.82,0.2,57932.22
2024-05-15,Coupe,South,Individual,5,59472.51,0.03,288441.67
2024-10-02,Sedan,North,Corporate,4,17199.13,0.12,60540.94
2024-02-12,Sedan,West,Corporate,5,44602.93,0.26,165030.84
2024-06-07,Sedan,West,Corporate,1,31896.72,0.27,23284.61
2024-09-29,Sedan,South,Corporate,5,51989.99,0.02,254750.95
2024-12-27,SUV,North,Corporate,2,45539.97,0.24,69220.75
2024-03-27,Sedan,North,Corporate,1,25544.46,0.0,25544.46
2024-09-20,Sedan,North,Corporate,2,38352.62,0.26,56761.88
2024-08-06,Sedan,West,Individual,5,57909.13,0.29,205577.41
2024-10-26,Truck,South,Corporate,2,51667.34,0.3,72334.28
2024-06-10,Sedan,North,Corporate,3,58279.55,0.08,160851.56
2024-05-08,Sedan,North,Individual,4,32267.74,0.18,105838.19
2024-06-21,Truck,East,Corporate,2,45553.38,0.19,73796.48
2024-03-28,Sedan,West,Individual,5,58850.93,0.22,229518.63
2024-09-22,SUV,West,Individual,2,50191.09,0.17,83317.21
2024-04-25,SUV,West,Individual,2,25123.81,0.22,39193.14
2024-01-28,SUV,South,Corporate,2,16045.47,0.21,25351.84
2024-02-17,Truck,South,Individual,5,20334.58,0.22,79304.86
2024-11-16,Truck,North,Individual,1,51077.87,0.27,37286.85
2024-10-14,Truck,South,Individual,5,37075.42,0.29,131617.74
2024-02-21,Coupe,South,Individual,2,58215.64,0.24,88487.77
2024-07-23,Truck,North,Corporate,1,29871.74,0.01,29573.02
2024-06-01,Truck,North,Corporate,5,49644.27,0.29,176237.16
2024-12-30,Truck,West,Corporate,2,49067.58,0.11,87340.29
2024-12-17,SUV,West,Corporate,1,45272.78,0.16,38029.14
2024-03-10,Coupe,North,Individual,4,59968.4,0.18,196696.35
2024-08-23,Truck,North,Individual,4,42627.3,0.28,122766.62
2024-02-23,SUV,East,Individual,1,53822.97,0.12,47364.21
2024-01-05,Coupe,North,Corporate,4,42559.43,0.04,163428.21
2024-09-22,SUV,North,Corporate,2,28302.27,0.15,48113.86
2024-03-03,Sedan,East,Individual,1,47867.32,0.27,34943.14
2024-11-10,Coupe,North,Corporate,3,23955.38,0.24,54618.27
2024-12-10,Coupe,West,Corporate,5,32758.8,0.13,142500.78
2024-12-23,Coupe,West,Individual,1,47661.31,0.27,34792.76
2024-05-29,Sedan,East,Corporate,1,44194.46,0.14,38007.24
2024-02-08,Sedan,East,Individual,2,50593.41,0.07,94103.74
2024-01-04,Coupe,South,Corporate,3,23178.64,0.23,53542.66
2024-03-12,Truck,North,Individual,3,55422.78,0.2,133014.67
2024-10-27,Truck,South,Corporate,1,27854.07,0.19,22561.8
2024-10-19,Sedan,East,Individual,2,51196.77,0.22,79866.96
2024-04-13,Coupe,West,Individual,4,38838.47,0.08,142925.57
2024-01-27,Sedan,East,Corporate,5,19890.43,0.04,95474.06
2024-08-18,Coupe,North,Individual,2,25578.35,0.09,46552.6
2024-07-17,Coupe,South,Individual,2,18952.54,0.17,31461.22
2024-10-09,SUV,South,Corporate,1,28650.59,0.21,22633.97
2024-09-05,Coupe,East,Corporate,1,50134.49,0.12,44118.35
2024-07-31,Truck,South,Corporate,1,16144.37,0.12,14207.05
2024-04-07,Sedan,North,Corporate,4,58019.74,0.22,181021.59
2024-07-26,Sedan,East,Corporate,1,59031.29,0.1,53128.16
2024-08-11,Sedan,East,Corporate,3,48775.83,0.18,119988.54
2024-06-24,Truck,North,Individual,4,21260.07,0.26,62929.81
2024-12-31,SUV,East,Corporate,1,51844.57,0.26,38364.98
2024-10-06,SUV,East,Corporate,4,50656.26,0.08,186415.04
2024-10-31,Coupe,East,Corporate,4,50417.81,0.13,175453.98
2024-03-18,SUV,North,Individual,3,57169.32,0.08,157787.32
2024-08-27,SUV,West,Individual,5,24015.56,0.23,92459.91
2024-04-18,Sedan,East,Individual,1,54671.72,0.12,48111.11
2024-01-15,Truck,North,Individual,3,24109.95,0.13,62926.97
2024-07-02,SUV,South,Corporate,5,24823.2,0.27,90604.68
2024-05-14,SUV,South,Corporate,1,59522.43,0.17,49403.62
2024-11-27,Truck,West,Corporate,1,37055.96,0.12,32609.24
2024-07-01,Sedan,North,Individual,1,49689.45,0.24,37763.98
2024-05-17,SUV,South,Individual,3,39478.77,0.29,84089.78
2024-10-21,SUV,East,Individual,3,39251.41,0.28,84783.05
2024-02-23,Sedan,East,Corporate,3,19980.32,0.25,44955.72
2024-05-10,SUV,South,Individual,1,50893.43,0.08,46821.96
2024-01-12,Coupe,North,Individual,2,20381.41,0.05,38724.68
2024-07-21,Truck,East,Individual,5,41157.34,0.25,154340.02
2024-03-06,Coupe,West,Corporate,5,27100.95,0.14,116534.08
2024-06-21,SUV,East,Individual,3,47784.27,0.18,117549.3
2024-04-26,Coupe,South,Corporate,3,42879.56,0.12,113202.04
2024-12-13,Coupe,North,Individual,2,54929.49,0.26,81295.65
2024-05-27,Truck,North,Corporate,3,38610.19,0.1,104247.51
2024-07-07,Truck,East,Individual,2,45663.5,0.06,85847.38
2024-05-03,Coupe,South,Individual,2,51199.17,0.18,83966.64
2024-12-29,Sedan,South,Individual,2,24942.54,0.24,37912.66
2024-06-27,Sedan,East,Corporate,5,31998.9,0.02,156794.61
2024-12-09,Coupe,South,Individual,1,36193.44,0.11,32212.16
2024-11-16,Truck,West,Individual,3,32419.76,0.21,76834.83
2024-09-08,Coupe,South,Individual,5,46919.21,0.29,166563.2
2024-03-09,Coupe,East,Corporate,4,37657.87,0.01,149125.17
2024-05-04,Coupe,West,Corporate,1,56470.83,0.06,53082.58
2024-01-01,Truck,North,Corporate,4,35200.86,0.17,116866.86
2024-11-11,Sedan,South,Corporate,5,47974.28,0.21,189498.41
2024-01-12,SUV,North,Individual,4,52313.11,0.28,150661.76
2024-07-24,Sedan,North,Individual,3,52279.63,0.09,142723.39
2024-03-26,Coupe,South,Corporate,1,56001.17,0.24,42560.89
2024-07-14,Sedan,East,Corporate,1,48054.82,0.11,42768.79
2024-05-14,Sedan,East,Corporate,1,34718.07,0.12,30551.9
2024-10-09,Sedan,South,Individual,1,25759.51,0.28,18546.85
2024-05-29,Coupe,East,Individual,4,49612.72,0.11,176621.28
2024-11-09,Truck,East,Individual,1,57398.76,0.3,40179.13
2024-06-20,SUV,East,Corporate,1,55283.42,0.11,49202.24
2024-07-06,Sedan,North,Corporate,4,51108.7,0.15,173769.58
2024-10-25,Sedan,West,Corporate,4,29153.21,0.18,95622.53
2024-07-31,Truck,North,Individual,1,56260.96,0.05,53447.91
2024-01-07,Coupe,North,Individual,3,42380.05,0.04,122054.54
2024-06-23,Sedan,South,Individual,1,57400.52,0.12,50512.46
2024-06-03,Sedan,South,Corporate,3,22909.85,0.27,50172.57
2024-09-13,SUV,South,Individual,1,20760.51,0.22,16193.2
2024-10-17,Truck,South,Individual,1,30130.11,0.05,28623.6
2024-09-02,Coupe,West,Corporate,5,59819.09,0.2,239276.36
2024-06-26,Truck,West,Corporate,5,18359.68,0.02,89962.43
2024-09-15,Coupe,South,Individual,3,48995.92,0.26,108770.94
2024-12-29,SUV,East,Corporate,1,50462.64,0.15,42893.24
2024-02-27,Coupe,South,Individual,1,56299.92,0.03,54610.92
2024-02-04,Coupe,West,Corporate,4,40273.15,0.29,114375.75
2024-09-23,Truck,West,Corporate,3,46852.98,0.06,132125.4
2024-03-25,Truck,West,Corporate,1,16366.53,0.28,11783.9
2024-01-20,SUV,North,Corporate,5,51531.61,0.15,219009.34
2024-05-18,SUV,South,Individual,3,45906.06,0.14,118437.63
2024-11-27,SUV,West,Corporate,1,53680.31,0.18,44017.85
2024-09-28,Sedan,East,Individual,5,45979.97,0.02,225301.85
2024-12-12,Sedan,South,Corporate,4,22195.59,0.06,83455.42
2024-04-15,SUV,East,Corporate,3,50452.69,0.07,140763.01
2024-03-08,Truck,East,Individual,5,54643.62,0.1,245896.29
2024-04-07,Truck,South,Individual,1,57723.02,0.06,54259.64
2024-02-22,Coupe,West,Corporate,2,56709.69,0.17,94138.09
2024-09-20,SUV,West,Corporate,3,27013.44,0.11,72125.88
2024-10-14,SUV,South,Individual,4,56616.93,0.27,165321.44
2024-06-01,Sedan,South,Individual,2,33200.42,0.22,51792.66
2024-02-20,SUV,East,Individual,4,54301.86,0.16,182454.25
2024-09-24,Coupe,North,Corporate,2,56363.52,0.07,104836.15
2024-06-19,Sedan,South,Corporate,3,25924.05,0.07,72328.1
2024-06-12,Truck,West,Individual,3,17625.25,0.21,41771.84
2024-05-05,Truck,West,Individual,3,34298.46,0.04,98779.56
2024-10-22,Sedan,West,Individual,4,56005.21,0.08,206099.17
2024-03-02,SUV,East,Individual,1,23345.98,0.02,22879.06
2024-05-04,Coupe,East,Corporate,3,16309.57,0.1,44035.84
2024-06-25,Coupe,West,Corporate,1,25274.08,0.1,22746.67
2024-12-30,Sedan,South,Individual,3,35298.55,0.2,84716.52
2024-05-10,SUV,South,Corporate,2,25448.96,0.19,41227.32
2024-07-15,SUV,East,Individual,5,48755.57,0.03,236464.51
2024-05-03,Sedan,North,Individual,1,43169.1,0.28,31081.75
2024-03-31,Coupe,South,Individual,4,17925.36,0.23,55210.11
2024-11-16,Sedan,North,Individual,3,36781.32,0.09,100413.0
2024-03-01,SUV,East,Corporate,1,44520.87,0.27,32500.24
2024-07-09,SUV,North,Corporate,5,59749.62,0.0,298748.1
2024-07-22,Coupe,West,Corporate,1,46082.48,0.04,44239.18
2024-08-01,Truck,West,Individual,2,55324.94,0.2,88519.9
2024-01-21,Truck,South,Corporate,5,51892.79,0.01,256869.31
2024-03-21,Coupe,South,Corporate,2,43989.19,0.14,75661.41
2024-03-13,Sedan,East,Individual,1,42587.25,0.07,39606.14
2024-06-13,Truck,North,Corporate,5,35288.57,0.25,132332.14
2024-04-12,SUV,East,Individual,3,46874.18,0.14,120935.38
2024-04-11,Coupe,East,Corporate,5,32427.32,0.18,132952.01
2024-12-25,SUV,East,Corporate,2,51028.78,0.06,95934.11
2024-12-05,Truck,East,Individual,2,35475.74,0.28,51085.07
2024-07-30,SUV,West,Individual,3,42679.03,0.11,113953.01
2024-04-03,Sedan,North,Individual,1,18570.36,0.03,18013.25
2024-03-05,Coupe,East,Corporate,5,22102.47,0.25,82884.26
2024-01-05,Truck,West,Individual,1,23782.87,0.25,17837.15
2024-03-25,SUV,North,Corporate,5,18921.53,0.16,79470.43
2024-08-17,Sedan,South,Individual,3,21189.92,0.04,61026.97
2024-07-20,SUV,West,Individual,5,34791.78,0.26,128729.59
2024-09-01,Sedan,South,Corporate,3,19149.77,0.06,54002.35
2024-07-28,Truck,East,Individual,4,15832.56,0.06,59530.43
2024-04-06,Sedan,West,Corporate,3,27681.61,0.08,76401.24
2024-01-04,Coupe,South,Individual,2,21651.07,0.05,41137.03
2024-09-07,Sedan,South,Individual,4,33750.0,0.17,112050.0
2024-07-14,SUV,South,Individual,2,56153.11,0.11,99952.54
2024-09-22,SUV,West,Individual,2,24596.05,0.25,36894.07
2024-07-22,Truck,North,Individual,4,24168.36,0.17,80238.96
2024-07-24,Sedan,South,Corporate,4,29046.05,0.1,104565.78
2024-02-26,Sedan,East,Corporate,1,50808.93,0.14,43695.68
2024-02-14,Sedan,South,Individual,2,26521.1,0.28,38190.38
2024-11-22,SUV,South,Corporate,4,30236.31,0.11,107641.26
2024-06-11,SUV,West,Individual,5,23660.82,0.28,85178.95
2024-06-14,Coupe,North,Corporate,5,54406.95,0.07,252992.32
2024-11-08,SUV,East,Corporate,5,37040.79,0.26,137050.92
2024-05-03,Sedan,West,Individual,3,28516.97,0.27,62452.16
2024-06-05,Truck,North,Corporate,5,18024.7,0.0,90123.5
2024-05-16,Truck,North,Individual,1,29318.65,0.06,27559.53
2024-12-30,SUV,North,Corporate,5,57514.21,0.16,241559.68
2024-11-30,Sedan,South,Individual,2,33102.11,0.24,50315.21
2024-06-22,Sedan,East,Individual,5,46437.28,0.26,171817.94
2024-06-16,Truck,South,Individual,1,54443.71,0.05,51721.52
2024-06-24,Coupe,South,Corporate,5,35798.75,0.07,166464.19
2024-09-03,Sedan,West,Corporate,1,56375.89,0.03,54684.61
2024-06-02,Truck,East,Individual,5,20307.59,0.05,96461.05
2024-08-28,Truck,East,Individual,4,40098.57,0.19,129919.37
2024-06-19,Sedan,East,Individual,1,54083.51,0.24,41103.47
2024-08-04,Coupe,East,Individual,3,32060.85,0.3,67327.78
2024-04-03,SUV,East,Individual,3,45136.69,0.29,96141.15
2024-02-28,Truck,South,Corporate,3,26520.74,0.27,58080.42
2024-08-28,Truck,West,Corporate,2,55980.94,0.29,79492.93
2024-10-07,SUV,South,Corporate,1,40591.48,0.15,34502.76
2024-05-13,Truck,East,Individual,5,49461.51,0.19,200319.12
2024-08-23,SUV,North,Corporate,2,50803.02,0.0,101606.04
2024-01-13,Sedan,South,Individual,4,52690.04,0.11,187576.54
2024-03-30,SUV,East,Individual,5,19460.87,0.01,96331.31
2024-01-05,SUV,West,Corporate,4,29798.02,0.1,107272.87
2024-08-25,Truck,North,Individual,1,39693.68,0.17,32945.75
2024-03-19,Sedan,South,Individual,3,40312.48,0.07,112471.82
2024-10-27,Coupe,South,Corporate,4,23633.86,0.1,85081.9
2024-06-06,Sedan,East,Corporate,4,19708.66,0.04,75681.25
2024-10-29,Sedan,South,Corporate,1,21674.77,0.26,16039.33
2024-12-23,Coupe,West,Individual,4,38033.78,0.22,118665.39
2024-09-24,SUV,West,Corporate,2,43801.78,0.28,63074.56
2024-03-23,Truck,South,Corporate,1,58746.63,0.13,51109.57
2024-09-01,SUV,North,Corporate,4,25209.75,0.17,83696.37
2024-07-23,SUV,West,Individual,3,56779.59,0.21,134567.63
2024-09-20,Truck,East,Corporate,3,31052.42,0.21,73594.24
2024-04-21,Truck,East,Individual,5,35537.19,0.29,126157.02
2024-02-01,Sedan,West,Corporate,2,48158.77,0.1,86685.79
2024-02-18,Sedan,North,Corporate,5,49890.55,0.26,184595.04
2024-05-23,Truck,East,Corporate,3,27118.29,0.14,69965.19
2024-07-14,Sedan,South,Corporate,4,17510.07,0.12,61635.45
2024-05-20,SUV,South,Individual,1,18206.37,0.23,14018.9
2024-05-13,Truck,East,Individual,5,18617.48,0.03,90294.78
2024-07-14,Sedan,West,Individual,2,30326.92,0.22,47310.0
2024-01-23,SUV,East,Corporate,4,56507.17,0.2,180822.94
2024-04-05,Truck,South,Individual,3,25548.16,0.21,60549.14
2024-03-28,Truck,North,Corporate,5,53890.63,0.14,231729.71
2024-01-07,Sedan,East,Individual,3,54266.53,0.11,144891.64
2024-09-11,Coupe,East,Individual,2,50618.91,0.29,71878.85
2024-07-08,SUV,South,Corporate,3,29575.11,0.24,67431.25
2024-01-28,Sedan,South,Corporate,3,39023.33,0.23,90143.89
2024-08-26,Sedan,South,Individual,2,25691.34,0.23,39564.66
2024-10-07,Sedan,North,Corporate,2,52229.61,0.3,73121.45
2024-01-06,Truck,East,Corporate,4,29540.63,0.2,94530.02
2024-11-04,SUV,North,Individual,3,48664.1,0.08,134312.92
2024-02-14,Coupe,East,Corporate,4,30156.92,0.19,97708.42
2024-04-16,Coupe,East,Corporate,5,59842.76,0.15,254331.73
2024-05-07,Truck,West,Individual,5,48418.09,0.21,191251.46
2024-02-11,Sedan,West,Individual,5,41461.54,0.09,188650.01
2024-12-12,Truck,East,Individual,2,17023.31,0.16,28599.16
2024-07-14,SUV,East,Corporate,1,18090.25,0.2,14472.2
2024-05-12,Sedan,East,Individual,5,28885.87,0.17,119876.36
2024-10-20,Sedan,South,Individual,2,53762.89,0.1,96773.2
2024-01-31,Coupe,West,Individual,3,18842.44,0.09,51439.86
2024-07-01,Coupe,North,Corporate,5,39457.8,0.17,163749.87
2024-10-25,Sedan,East,Individual,3,45962.48,0.04,132371.94
2024-07-22,Coupe,West,Corporate,3,52080.38,0.22,121868.09
2024-09-03,Coupe,North,Corporate,4,30723.77,0.11,109376.62
2024-11-08,Sedan,West,Corporate,3,21201.44,0.08,58515.97
2024-07-11,Coupe,West,Corporate,1,34424.35,0.06,32358.89
2024-03-14,Coupe,West,Individual,3,50483.88,0.11,134791.96
2024-12-29,SUV,West,Corporate,4,47298.06,0.23,145678.02
2024-09-13,SUV,East,Individual,4,48097.57,0.04,184694.67
2024-11-26,Sedan,South,Individual,2,52193.3,0.07,97079.54
2024-10-10,Coupe,South,Corporate,2,36337.28,0.04,69767.58
2024-12-06,SUV,South,Individual,4,41606.49,0.05,158104.66
2024-08-02,Coupe,North,Corporate,1,38206.72,0.25,28655.04
2024-12-31,SUV,West,Corporate,5,49404.25,0.29,175385.09
2024-02-21,SUV,South,Individual,4,59562.05,0.03,231100.75
2024-06-30,Coupe,East,Corporate,1,17296.97,0.29,12280.85
2024-07-07,Sedan,North,Individual,2,56708.71,0.04,108880.72
2024-02-11,Coupe,East,Individual,1,27224.38,0.13,23685.21
2024-11-08,Truck,South,Corporate,1,18450.07,0.1,16605.06
2024-11-24,Coupe,North,Individual,4,43660.59,0.12,153685.28
2024-11-21,Sedan,West,Corporate,4,27725.18,0.24,84284.55
2024-10-19,SUV,East,Corporate,2,31498.62,0.01,62367.27
2024-11-23,Truck,West,Individual,2,36161.14,0.08,66536.5
2024-09-20,Sedan,South,Corporate,2,17831.45,0.15,30313.46
2024-08-07,Coupe,West,Corporate,3,48282.53,0.28,104290.26
2024-12-26,Sedan,East,Individual,2,59025.24,0.14,101523.41
2024-01-29,Coupe,South,Individual,4,16988.07,0.25,50964.21
2024-10-21,SUV,West,Corporate,5,22350.95,0.02,109519.66
2024-06-22,SUV,South,Corporate,1,47226.5,0.19,38253.47
2024-11-11,Truck,South,Individual,5,32350.82,0.23,124550.66
2024-01-28,Truck,North,Corporate,3,54772.16,0.02,161030.15
2024-08-02,Coupe,South,Corporate,5,56757.65,0.01,280950.37
2024-02-01,Sedan,South,Individual,3,52825.34,0.14,136289.38
2024-01-20,Coupe,North,Corporate,4,34591.95,0.05,131449.41
2024-09-04,Truck,West,Corporate,2,23117.3,0.24,35138.3
2024-02-20,Truck,North,Corporate,5,17258.82,0.11,76801.75
2024-10-01,Sedan,North,Corporate,2,34912.23,0.01,69126.22
2024-11-14,Truck,East,Individual,2,58354.73,0.26,86365.0
2024-07-31,Sedan,North,Individual,5,15685.51,0.14,67447.69
2024-10-01,SUV,East,Corporate,2,25284.09,0.04,48545.45
2024-07-23,SUV,East,Corporate,5,42503.03,0.15,180637.88
2024-06-19,Truck,North,Individual,3,33407.04,0.25,75165.84
2024-04-29,Coupe,West,Individual,4,56006.3,0.03,217304.44
2024-06-16,Sedan,South,Corporate,5,49829.54,0.11,221741.45
2024-05-31,Truck,North,Individual,4,15087.54,0.02,59143.16
2024-11-17,SUV,West,Corporate,5,15096.86,0.07,70200.4
2024-09-15,Truck,East,Corporate,4,41345.28,0.03,160419.69
2024-05-16,Sedan,South,Corporate,1,45119.43,0.21,35644.35
2024-05-13,Sedan,North,Individual,1,18008.77,0.19,14587.1
2024-05-05,Sedan,East,Corporate,5,45574.19,0.12,200526.44
2024-06-13,SUV,East,Individual,5,32143.52,0.05,152681.72
2024-08-08,SUV,North,Individual,5,26592.09,0.24,101049.94
2024-12-31,SUV,North,Individual,1,45413.5,0.08,41780.42
2024-02-23,Truck,South,Corporate,5,50145.3,0.27,183030.34
2024-07-28,Coupe,North,Individual,2,32134.92,0.3,44988.89
2024-01-24,Coupe,West,Individual,1,23798.45,0.06,22370.54
2024-04-14,Sedan,East,Individual,5,40048.92,0.08,184225.03
2024-07-07,SUV,West,Individual,1,35051.95,0.05,33299.35
2024-10-12,Coupe,South,Individual,3,53745.02,0.05,153173.31
2024-09-16,Coupe,South,Individual,4,50077.45,0.29,142219.96
2024-03-16,Truck,East,Individual,3,35522.84,0.04,102305.78
2024-06-16,SUV,East,Individual,3,27867.22,0.09,76077.51
2024-08-15,SUV,West,Corporate,4,49181.92,0.21,155414.87
2024-03-25,Truck,North,Individual,3,46178.69,0.14,119141.02
2024-06-16,Sedan,West,Individual,5,29466.17,0.02,144384.23
2024-10-18,SUV,East,Corporate,3,27813.64,0.22,65083.92
2024-03-23,Sedan,South,Individual,2,38933.41,0.04,74752.15
2024-04-20,Truck,South,Corporate,4,38368.1,0.28,110500.13
2024-05-24,Sedan,South,Individual,5,22124.72,0.01,109517.36
2024-10-02,Coupe,East,Individual,3,58774.63,0.02,172797.41
2024-03-05,SUV,South,Individual,1,51694.09,0.12,45490.8
2024-06-14,SUV,North,Corporate,2,44274.0,0.22,69067.44
2024-04-09,SUV,West,Corporate,4,47697.96,0.05,181252.25
2024-07-10,SUV,South,Individual,1,52967.57,0.24,40255.35
2024-04-27,SUV,West,Individual,3,30134.74,0.22,70515.29
2024-09-15,Sedan,East,Individual,2,43832.61,0.1,78898.7
2024-06-21,SUV,West,Corporate,2,21448.28,0.27,31314.49
2024-10-27,Truck,South,Corporate,4,21370.08,0.03,82915.91
2024-09-26,SUV,West,Corporate,5,29306.16,0.03,142134.88
2024-04-15,Coupe,East,Individual,4,22591.71,0.17,75004.48
2024-01-12,Coupe,West,Individual,1,19997.85,0.24,15198.37
2024-09-04,Truck,North,Corporate,3,48367.82,0.3,101572.42
2024-11-23,SUV,South,Individual,1,24617.78,0.27,17970.98
2024-10-12,SUV,West,Individual,2,29560.81,0.15,50253.38
2024-02-18,Sedan,South,Individual,4,19668.54,0.13,68446.52
2024-02-15,Sedan,North,Individual,1,40467.73,0.27,29541.44
2024-08-03,Coupe,West,Corporate,2,39160.33,0.06,73621.42
2024-06-12,Sedan,West,Individual,4,27460.45,0.12,96660.78
2024-02-03,Sedan,North,Corporate,2,34453.61,0.12,60638.35
2024-12-29,SUV,South,Individual,2,22517.67,0.25,33776.5
2024-02-16,Coupe,North,Individual,3,47573.54,0.26,105613.26
2024-11-16,SUV,South,Individual,1,33367.61,0.26,24692.03
2024-02-05,SUV,East,Corporate,5,22991.75,0.28,82770.3
2024-08-04,Sedan,North,Corporate,2,17793.21,0.23,27401.54
2024-01-21,Truck,North,Corporate,3,18032.65,0.08,49770.11
2024-05-31,SUV,West,Individual,4,37625.1,0.13,130935.35
2024-12-29,Truck,South,Corporate,3,44962.72,0.13,117352.7
2024-08-30,Sedan,North,Individual,2,22062.42,0.15,37506.11
2024-02-06,Coupe,North,Corporate,2,58224.33,0.15,98981.36
2024-02-23,Truck,North,Individual,3,47601.89,0.19,115672.59
2024-01-05,SUV,South,Individual,5,47763.34,0.21,188665.19
2024-08-17,Coupe,West,Individual,3,29205.42,0.02,85863.93
2024-04-16,SUV,West,Corporate,1,35785.36,0.11,31848.97
2024-03-04,Sedan,North,Corporate,5,36401.22,0.27,132864.45
2024-01-18,Truck,North,Individual,2,29169.39,0.03,56588.62
2024-10-26,Coupe,North,Corporate,4,48594.27,0.2,155501.66
2024-12-02,Sedan,East,Individual,5,16270.12,0.1,73215.54
2024-06-16,Coupe,East,Corporate,1,35779.4,0.11,31843.67
2024-07-03,SUV,North,Individual,4,20298.6,0.08,74698.85
2024-09-02,Sedan,North,Corporate,2,20771.18,0.02,40711.51
2024-10-24,Coupe,West,Corporate,5,35905.68,0.14,154394.42
2024-02-29,SUV,North,Individual,2,16472.75,0.04,31627.68
2024-11-19,Sedan,West,Corporate,1,29285.72,0.03,28407.15
2024-12-28,Coupe,South,Corporate,5,52821.75,0.27,192799.39
2024-04-25,Truck,West,Individual,5,40108.26,0.28,144389.74
2024-02-22,SUV,West,Corporate,4,19404.41,0.03,75289.11
2024-09-16,Sedan,North,Individual,1,30799.01,0.11,27411.12
2024-02-08,SUV,North,Corporate,4,33274.72,0.1,119788.99
2024-04-16,Truck,South,Individual,3,55677.91,0.15,141978.67
2024-02-21,Sedan,South,Corporate,1,26430.56,0.26,19558.61
2024-10-05,Coupe,North,Corporate,1,36395.8,0.1,32756.22
2024-08-28,Coupe,South,Individual,5,24649.44,0.08,113387.42
2024-09-08,Coupe,North,Individual,1,18517.55,0.24,14073.34
2024-11-20,Sedan,South,Corporate,4,54229.63,0.23,167027.26
2024-11-04,Truck,North,Individual,2,58192.39,0.25,87288.58
2024-04-17,Truck,North,Individual,2,31087.2,0.11,55335.22
2024-10-23,Sedan,South,Individual,2,50019.99,0.09,91036.38
2024-03-25,SUV,South,Corporate,1,57057.15,0.15,48498.58
2024-05-30,SUV,West,Individual,2,44228.61,0.27,64573.77
2024-05-18,SUV,West,Corporate,2,33153.09,0.1,59675.56
2024-04-29,Coupe,North,Corporate,5,40765.1,0.01,201787.24
2024-12-18,Truck,East,Individual,3,59429.11,0.24,135498.37
2024-09-04,SUV,West,Individual,1,22665.59,0.17,18812.44
2024-10-08,Truck,South,Corporate,4,38484.43,0.09,140083.33
2024-12-21,SUV,East,Individual,1,25386.17,0.09,23101.41
2024-04-27,SUV,East,Individual,4,22187.45,0.07,82537.31
2024-05-11,Truck,North,Corporate,5,46111.78,0.06,216725.37
2024-12-02,Sedan,North,Individual,4,43634.79,0.29,123922.8
2024-07-21,SUV,East,Individual,3,23011.1,0.23,53155.64
2024-05-10,SUV,South,Individual,3,34190.78,0.08,94366.55
2024-06-25,Truck,West,Corporate,4,43736.17,0.06,164448.0
2024-07-09,Coupe,East,Corporate,1,53063.81,0.27,38736.58
2024-03-24,Truck,South,Individual,1,41237.6,0.24,31340.58
2024-06-15,Coupe,West,Individual,2,17221.23,0.23,26520.69
2024-11-30,Coupe,South,Individual,4,22150.87,0.07,82401.24
2024-07-19,SUV,West,Individual,1,28838.89,0.16,24224.67
2024-11-26,Sedan,West,Individual,4,29883.56,0.2,95627.39
2024-11-09,Truck,South,Individual,1,49114.73,0.14,42238.67
2024-07-02,Truck,East,Individual,5,25371.97,0.25,95144.89
2024-05-13,Coupe,East,Corporate,5,54448.45,0.12,239573.18
2024-05-19,SUV,West,Individual,5,21512.47,0.26,79596.14
2024-07-08,Truck,North,Corporate,5,35451.78,0.09,161305.6
2024-04-07,SUV,West,Individual,3,23624.89,0.01,70165.92
2024-11-17,Truck,East,Individual,1,24173.31,0.19,19580.38
2024-06-15,SUV,North,Individual,5,48601.17,0.04,233285.62
2024-09-09,Sedan,West,Corporate,5,30913.7,0.1,139111.65
2024-09-27,Sedan,East,Corporate,2,25500.64,0.17,42331.06
2024-02-11,Coupe,West,Corporate,3,24714.54,0.29,52641.97
2024-12-21,SUV,East,Individual,3,16815.23,0.21,39852.1
2024-10-26,Sedan,South,Corporate,1,50532.83,0.24,38404.95
2024-01-09,Sedan,South,Corporate,2,44596.82,0.1,80274.28
2024-10-25,Truck,North,Corporate,5,45384.12,0.11,201959.33
2024-12-17,Coupe,East,Individual,1,48950.86,0.27,35734.13
2024-06-28,Sedan,East,Individual,2,27058.21,0.1,48704.78
2024-07-28,Sedan,North,Individual,5,50895.14,0.16,213759.59
2024-01-08,Coupe,North,Corporate,2,54285.91,0.17,90114.61
2024-06-18,Truck,South,Individual,5,17719.54,0.09,80623.91
2024-05-08,Sedan,North,Corporate,3,15531.29,0.08,42866.36
2024-11-18,Coupe,West,Individual,5,52299.26,0.13,227501.78
2024-08-08,SUV,North,Corporate,5,32233.23,0.11,143437.87
2024-05-14,SUV,East,Individual,4,18297.63,0.16,61480.04
2024-05-28,Truck,North,Corporate,4,45450.43,0.18,149077.41
2024-07-31,Coupe,West,Individual,2,28021.21,0.27,40910.97
2024-10-27,Coupe,West,Individual,2,54880.88,0.13,95492.73
2024-10-09,Coupe,West,Individual,3,31536.75,0.01,93664.15
2024-06-09,Coupe,North,Individual,5,44610.61,0.03,216361.46
2024-02-18,Sedan,North,Individual,5,57716.1,0.19,233750.2
2024-01-03,SUV,North,Individual,5,29771.43,0.02,145880.01
2024-01-02,Sedan,North,Individual,1,16026.69,0.13,13943.22
2024-12-03,Truck,South,Corporate,4,28780.96,0.27,84040.4
2024-09-06,Sedan,East,Individual,2,21258.81,0.04,40816.92
2024-01-05,Coupe,North,Individual,2,55694.86,0.17,92453.47
2024-07-16,Coupe,South,Individual,1,30757.76,0.1,27681.98
2024-08-22,SUV,North,Individual,2,56871.8,0.02,111468.73
2024-07-03,SUV,South,Individual,1,18675.99,0.17,15501.07
2024-02-20,Truck,North,Individual,5,26847.82,0.09,122157.58
2024-10-09,Truck,North,Individual,5,35434.3,0.14,152367.49
2024-07-19,Sedan,West,Corporate,4,46887.22,0.16,157541.06
2024-04-23,Truck,South,Individual,3,55019.85,0.08,151854.79
2024-01-01,Truck,North,Individual,1,46361.9,0.29,32916.95
2024-09-09,SUV,East,Corporate,2,21465.7,0.05,40784.83
2024-08-12,Truck,East,Individual,3,58853.01,0.1,158903.13
2024-05-09,Truck,East,Corporate,1,26721.15,0.04,25652.3
2024-07-01,Coupe,East,Corporate,5,38970.51,0.12,171470.24
2024-10-19,Coupe,South,Individual,2,19910.97,0.0,39821.94
2024-07-21,Sedan,North,Corporate,1,18346.8,0.18,15044.38
2024-10-29,Truck,North,Individual,5,30355.1,0.26,112313.87
2024-04-05,Truck,East,Corporate,1,27427.79,0.22,21393.68
2024-06-21,Coupe,North,Corporate,5,57401.41,0.2,229605.64
2024-11-09,Sedan,East,Individual,3,25299.43,0.15,64513.55
2024-12-25,SUV,South,Corporate,4,17392.85,0.05,66092.83
2024-08-13,SUV,North,Individual,4,59405.86,0.06,223366.03
2024-02-25,Sedan,East,Corporate,5,53229.11,0.12,234208.08
2024-08-04,Sedan,South,Individual,1,55368.63,0.17,45955.96
2024-04-09,Sedan,East,Individual,5,17660.79,0.17,73292.28
2024-10-06,Truck,East,Corporate,5,33824.64,0.26,125151.17
2024-12-20,Sedan,South,Corporate,3,52340.34,0.19,127187.03
2024-02-25,SUV,East,Individual,5,42499.31,0.15,180622.07
2024-01-15,Sedan,West,Individual,4,33844.26,0.21,106947.86
2024-12-15,Coupe,South,Corporate,4,53512.92,0.09,194787.03
2024-02-14,Sedan,West,Corporate,3,19128.63,0.21,45334.85
2024-11-07,SUV,South,Corporate,5,20004.74,0.18,82019.43
2024-03-04,SUV,North,Corporate,1,25179.88,0.28,18129.51
2024-10-20,SUV,West,Individual,3,37284.16,0.2,89481.98
2024-01-17,SUV,West,Individual,4,48079.56,0.17,159624.14
2024-03-24,SUV,West,Corporate,3,35369.54,0.09,96558.84
2024-11-14,Truck,North,Corporate,5,28473.8,0.01,140945.31
2024-02-11,SUV,East,Individual,5,56711.04,0.12,249528.58
2024-03-04,Sedan,South,Corporate,4,58134.06,0.02,227885.52
2024-03-02,Coupe,South,Corporate,5,21060.74,0.22,82136.89
2024-05-18,SUV,West,Corporate,3,52993.09,0.13,138311.96
2024-05-04,Coupe,West,Corporate,5,15378.53,0.16,64589.83
2024-05-15,Sedan,East,Individual,5,44245.86,0.01,219017.01
2024-05-08,SUV,South,Individual,2,16821.0,0.18,27586.44
2024-10-31,SUV,East,Individual,2,37490.08,0.19,60733.93
2024-04-09,Truck,West,Individual,5,26754.03,0.2,107016.12
2024-03-02,Coupe,East,Individual,4,21068.7,0.25,63206.1
2024-09-16,SUV,North,Corporate,4,55176.4,0.03,214084.43
2024-11-01,Truck,North,Corporate,3,28304.65,0.07,78969.97
2024-05-07,Coupe,West,Corporate,5,45226.84,0.09,205782.12
2024-03-15,Sedan,South,Corporate,5,16997.84,0.14,73090.71
2024-02-05,SUV,South,Corporate,2,25888.18,0.14,44527.67
2024-06-29,SUV,South,Individual,5,34561.24,0.21,136516.9
2024-03-16,Coupe,South,Corporate,2,41128.35,0.0,82256.7
2024-03-28,Sedan,East,Individual,2,15150.0,0.27,22119.0
2024-05-23,Coupe,West,Individual,4,53400.5,0.11,190105.78
2024-08-29,Sedan,West,Corporate,4,50144.59,0.16,168485.82
2024-02-16,Sedan,North,Corporate,3,19462.47,0.27,42622.81
2024-04-22,SUV,North,Individual,5,22345.79,0.06,105025.21
2024-01-04,Coupe,South,Individual,2,57309.59,0.21,90549.15
2024-11-15,Coupe,North,Individual,3,56899.05,0.24,129729.83
2024-02-12,Coupe,North,Individual,4,42486.73,0.03,164848.51
2024-05-11,Sedan,East,Individual,3,42344.51,0.06,119411.52
2024-07-30,Coupe,South,Corporate,5,41786.5,0.05,198485.88
2024-01-07,SUV,East,Corporate,2,29800.53,0.18,48872.87
2024-10-04,SUV,North,Individual,1,45930.82,0.25,34448.12
2024-10-16,SUV,East,Corporate,5,47111.07,0.28,169599.85
2024-05-12,Truck,East,Corporate,5,40312.23,0.26,149155.25
2024-05-12,Sedan,North,Corporate,1,38314.4,0.05,36398.68
2024-01-15,Truck,West,Individual,2,43812.48,0.27,63966.22
2024-05-07,Coupe,West,Corporate,1,35359.78,0.27,25812.64
2024-10-27,Truck,North,Individual,5,37645.38,0.21,148699.25
2024-03-11,Truck,South,Corporate,4,37095.48,0.16,124640.81
2024-07-18,Coupe,South,Individual,5,44342.34,0.21,175152.24
2024-02-06,Truck,West,Corporate,1,57030.09,0.29,40491.36
2024-11-30,Coupe,West,Individual,2,19734.98,0.26,29207.77
2024-08-20,Truck,North,Corporate,2,37950.65,0.04,72865.25
2024-07-23,SUV,North,Corporate,4,39019.07,0.25,117057.21
2024-02-22,Truck,South,Individual,5,29165.14,0.02,142909.19
2024-10-07,Sedan,North,Individual,4,19890.91,0.14,68424.73
2024-02-21,SUV,East,Corporate,5,16869.3,0.25,63259.88
2024-07-24,Coupe,North,Corporate,1,46669.56,0.3,32668.69
2024-05-20,Truck,East,Corporate,1,53865.82,0.08,49556.55
2024-08-25,Truck,West,Individual,3,15600.0,0.07,43524.0
2024-11-06,Sedan,North,Individual,3,51812.51,0.13,135230.65
2024-04-03,Truck,West,Individual,5,43773.24,0.15,186036.27
2024-02-01,Coupe,East,Corporate,5,16180.24,0.03,78474.16
2024-02-24,Sedan,North,Individual,3,32840.73,0.0,98522.19
2024-06-12,Sedan,East,Corporate,4,51427.53,0.16,172796.5
2024-10-31,Truck,East,Corporate,1,56969.29,0.0,56969.29
2024-06-28,Sedan,West,Corporate,3,37208.15,0.22,87067.07
2024-10-19,Truck,South,Corporate,3,34935.1,0.02,102709.19
2024-07-18,Truck,East,Individual,2,47568.58,0.01,94185.79
2024-04-12,Coupe,North,Corporate,1,51736.02,0.22,40354.1
2024-05-13,Sedan,West,Individual,2,54262.93,0.1,97673.27
2024-06-21,Truck,North,Corporate,5,55046.19,0.25,206423.21
2024-09-06,Truck,East,Individual,2,53982.41,0.17,89610.8
2024-02-19,Sedan,West,Individual,5,31370.32,0.06,147440.5
2024-01-18,Truck,West,Corporate,5,54795.61,0.05,260279.15
2024-11-02,Coupe,East,Individual,5,32242.06,0.07,149925.58
2024-03-30,SUV,East,Individual,1,39857.94,0.04,38263.62
2024-01-26,Coupe,West,Individual,3,52536.25,0.12,138695.7
2024-10-09,Truck,West,Individual,4,50166.29,0.13,174578.69
2024-03-16,SUV,North,Individual,5,16008.48,0.02,78441.55
2024-02-26,SUV,East,Individual,5,30933.9,0.12,136109.16
2024-01-24,Sedan,South,Corporate,3,41260.18,0.09,112640.29
2024-02-08,Sedan,South,Corporate,4,45437.36,0.05,172661.97
2024-02-14,Sedan,North,Corporate,1,51469.14,0.26,38087.16
2024-06-27,SUV,West,Individual,2,44942.46,0.2,71907.94
2024-03-23,Sedan,North,Corporate,1,41598.7,0.11,37022.84
2024-12-09,SUV,South,Corporate,3,23472.91,0.13,61264.3
2024-10-09,Coupe,North,Corporate,2,19852.67,0.03,38514.18
2024-01-02,SUV,South,Corporate,4,18695.89,0.1,67305.2
2024-01-21,SUV,West,Individual,1,53310.94,0.21,42115.64
2024-07-09,Sedan,West,Corporate,5,17859.69,0.29,63401.9
2024-02-10,Sedan,South,Individual,5,51285.76,0.21,202578.75
2024-10-03,Truck,North,Individual,4,59370.32,0.16,199484.28
2024-11-25,Truck,South,Individual,3,53086.2,0.08,146517.91
2024-06-13,SUV,North,Corporate,2,35775.9,0.18,58672.48
2024-07-25,Coupe,South,Corporate,4,58322.51,0.26,172634.63
2024-06-06,Coupe,East,Individual,3,58735.45,0.02,172682.22
2024-11-09,Sedan,South,Corporate,2,50488.44,0.17,83810.81
2024-07-31,SUV,North,Corporate,1,36396.03,0.14,31300.59
2024-08-24,Coupe,East,Corporate,5,49956.56,0.2,199826.24
2024-06-07,SUV,North,Corporate,2,46155.93,0.13,80311.32
2024-02-10,Coupe,North,Individual,3,44670.42,0.17,111229.35
2024-10-13,SUV,North,Individual,4,42353.52,0.25,127060.56
2024-01-15,Coupe,East,Individual,2,52782.58,0.17,87619.08
2024-10-26,SUV,West,Corporate,5,49871.09,0.22,194497.25
2024-08-29,Coupe,West,Corporate,1,39893.7,0.25,29920.28
2024-07-30,Truck,North,Corporate,4,36214.81,0.24,110093.02
2024-07-12,Coupe,South,Individual,2,38788.7,0.23,59734.6
2024-11-09,Sedan,East,Corporate,1,34899.1,0.06,32805.15
2024-12-05,SUV,West,Individual,5,21959.49,0.06,103209.6
2024-02-24,Coupe,West,Corporate,5,26315.65,0.0,131578.25
2024-06-23,Truck,South,Corporate,2,48757.16,0.1,87762.89
2024-01-10,Coupe,South,Individual,2,44756.1,0.27,65343.91
2024-08-08,Coupe,North,Individual,4,59494.53,0.08,218939.87
2024-01-26,Truck,East,Individual,4,38996.68,0.0,155986.72
2024-11-19,SUV,West,Corporate,2,40340.55,0.14,69385.75
2024-07-10,SUV,South,Individual,4,24778.43,0.14,85237.8
2024-08-31,Truck,East,Individual,3,35055.25,0.06,98855.8
2024-02-23,SUV,North,Individual,4,39081.9,0.09,142258.12
2024-02-15,SUV,South,Individual,1,36379.2,0.14,31286.11
2024-03-22,SUV,South,Corporate,4,35713.19,0.09,129996.01
2024-04-27,Truck,East,Corporate,4,52962.91,0.0,211851.64
2024-11-28,Sedan,South,Individual,2,36425.88,0.27,53181.78
2024-09-20,Coupe,East,Individual,4,23506.44,0.05,89324.47
2024-04-26,SUV,South,Corporate,3,33924.69,0.05,96685.37
2024-10-15,Truck,South,Individual,2,39622.83,0.12,69736.18
2024-09-26,SUV,West,Individual,4,18494.13,0.04,71017.46
2024-03-28,SUV,West,Individual,3,30220.6,0.24,68902.97
2024-07-09,Truck,East,Corporate,2,53990.74,0.05,102582.41
2024-12-21,Sedan,East,Corporate,3,23926.18,0.29,50962.76
2024-02-04,Truck,West,Corporate,3,50984.04,0.25,114714.09
2024-01-10,Sedan,East,Individual,1,54765.39,0.29,38883.43
2024-01-24,SUV,West,Corporate,2,58442.31,0.29,82988.08
2024-04-09,Sedan,West,Individual,5,35969.8,0.17,149274.67
2024-06-25,Sedan,North,Individual,5,33272.76,0.04,159709.25
2024-09-19,Sedan,North,Individual,2,41599.74,0.1,74879.53
2024-07-29,Sedan,North,Individual,4,42033.66,0.28,121056.94
2024-06-09,Truck,East,Corporate,1,27650.29,0.04,26544.28
2024-10-01,SUV,South,Corporate,2,24423.9,0.21,38589.76
2024-08-02,Sedan,West,Individual,4,42230.63,0.13,146962.59
2024-10-27,Sedan,North,Corporate,2,22945.31,0.05,43596.09
2024-09-15,Sedan,North,Corporate,4,35649.51,0.05,135468.14
2024-04-27,SUV,West,Corporate,2,55967.8,0.04,107458.18
2024-12-14,Sedan,North,Corporate,1,45899.69,0.25,34424.77
2024-06-18,SUV,South,Corporate,1,24054.6,0.06,22611.32
2024-06-12,Sedan,South,Individual,5,21169.56,0.13,92087.59
2024-09-17,Coupe,West,Corporate,2,50616.81,0.09,92122.59
2024-06-07,Coupe,West,Corporate,4,22681.05,0.16,76208.33
2024-08-03,Truck,South,Individual,1,51845.15,0.14,44586.83
2024-09-29,Coupe,East,Corporate,5,53825.69,0.24,204537.62
2024-09-18,Sedan,South,Corporate,1,22154.85,0.06,20825.56
2024-02-16,Sedan,North,Corporate,5,44337.08,0.0,221685.4
2024-05-10,SUV,North,Corporate,1,54635.5,0.11,48625.6
2024-07-11,Sedan,South,Individual,3,22241.59,0.27,48709.08
2024-06-03,SUV,West,Corporate,4,18849.62,0.02,73890.51
2024-04-24,Truck,South,Individual,1,38612.01,0.2,30889.61
2024-07-18,Coupe,East,Corporate,4,31874.73,0.21,100724.15
2024-10-14,Truck,East,Individual,4,23591.84,0.23,72662.87
2024-03-15,Coupe,North,Corporate,2,51397.5,0.13,89431.65
2024-09-22,Truck,East,Individual,2,44493.29,0.28,64070.34
2024-06-06,Truck,North,Individual,1,26479.62,0.06,24890.84
2024-01-11,Sedan,North,Corporate,4,54264.91,0.04,208377.25
2024-02-19,SUV,South,Individual,4,56354.12,0.03,218653.99
2024-05-29,Sedan,East,Individual,5,22446.03,0.25,84172.61
2024-12-25,Coupe,South,Individual,1,25195.85,0.01,24943.89
2024-12-12,Sedan,West,Corporate,4,27606.21,0.13,96069.61
2024-11-17,SUV,North,Individual,1,59083.75,0.27,43131.14
2024-04-22,SUV,East,Corporate,4,56142.27,0.05,213340.63
2024-08-07,SUV,West,Individual,3,28272.05,0.24,64460.27
2024-01-10,Sedan,West,Corporate,4,37286.91,0.29,105894.82
2024-09-10,Sedan,West,Corporate,5,41556.09,0.3,145446.31
2024-09-28,Truck,East,Individual,1,51261.69,0.06,48185.99
2024-10-07,Coupe,South,Corporate,3,28231.67,0.26,62674.31
2024-11-01,SUV,North,Individual,4,58112.41,0.16,195257.7
2024-03-21,Truck,West,Corporate,5,18331.43,0.1,82491.44
2024-05-24,Sedan,South,Individual,2,50854.05,0.03,98656.86
2024-03-12,Truck,North,Corporate,2,56071.44,0.08,103171.45
2024-03-01,Coupe,North,Individual,1,20790.7,0.02,20374.89
2024-04-29,Truck,East,Individual,2,26055.6,0.16,43773.41
2024-09-21,Sedan,North,Corporate,3,41453.6,0.14,106950.29
2024-06-14,Sedan,East,Corporate,5,26416.6,0.03,128120.51
2024-04-06,Sedan,West,Corporate,3,46426.86,0.24,105853.24
2024-11-17,Truck,West,Individual,4,31523.12,0.08,116005.08
2024-01-01,SUV,South,Individual,1,56880.19,0.07,52898.58
2024-05-15,Truck,North,Individual,5,32971.84,0.08,151670.46
2024-10-14,Sedan,East,Individual,2,34735.74,0.25,52103.61
2024-07-03,Coupe,North,Corporate,4,30397.78,0.28,87545.61
2024-04-12,Coupe,South,Corporate,1,28727.72,0.21,22694.9
2024-12-24,Truck,West,Corporate,5,40393.34,0.07,187829.03
2024-10-30,Sedan,East,Individual,5,57370.89,0.23,220877.93
2024-04-11,Truck,West,Individual,5,55855.62,0.03,270899.76
2024-04-14,Sedan,South,Individual,3,28044.17,0.17,69829.98
2024-04-13,Sedan,South,Individual,2,17098.64,0.11,30435.58
2024-08-15,Sedan,South,Individual,5,18725.91,0.14,80521.41
2024-12-27,SUV,North,Corporate,2,41817.26,0.12,73598.38
2024-09-14,Sedan,East,Corporate,5,33316.93,0.15,141596.95
2024-12-26,SUV,East,Individual,4,30912.27,0.24,93973.3
2024-01-05,Coupe,West,Corporate,4,29085.93,0.05,110526.53
2024-08-21,Sedan,South,Corporate,2,21940.43,0.05,41686.82
2024-04-22,SUV,East,Corporate,4,37800.53,0.26,111889.57
2024-01-14,Truck,South,Individual,1,39438.66,0.21,31156.54
2024-02-24,SUV,West,Corporate,5,22178.78,0.26,82061.49
2024-10-22,SUV,West,Individual,2,24919.5,0.14,42861.54
2024-04-23,Truck,North,Individual,3,51404.41,0.24,117202.05
2024-09-25,SUV,East,Individual,1,57364.34,0.05,54496.12
2024-02-17,SUV,South,Corporate,4,53544.02,0.11,190616.71
2024-08-03,SUV,South,Individual,5,17478.62,0.17,72536.27
2024-07-14,SUV,West,Corporate,4,50158.86,0.22,156495.64
2024-05-20,SUV,South,Corporate,3,37935.17,0.18,93320.52
2024-12-02,SUV,South,Corporate,5,26189.53,0.2,104758.12
2024-11-26,Coupe,West,Corporate,3,29114.21,0.04,83848.92
2024-03-18,Coupe,North,Individual,2,29505.3,0.13,51339.22
2024-01-11,SUV,North,Individual,4,16741.75,0.28,48216.24
2024-09-25,Coupe,East,Individual,5,53457.2,0.04,256594.56
2024-03-04,Sedan,South,Corporate,2,50500.65,0.18,82821.07
2024-04-10,Coupe,North,Individual,2,23769.98,0.08,43736.76
2024-04-25,Truck,South,Corporate,1,37123.81,0.23,28585.33
2024-04-21,Sedan,South,Individual,4,41705.2,0.07,155143.34
2024-06-03,Sedan,West,Corporate,1,27798.6,0.26,20570.96
2024-04-14,Sedan,North,Corporate,4,21198.17,0.01,83944.75
2024-10-15,Coupe,North,Corporate,2,45293.89,0.11,80623.12
2024-09-14,SUV,North,Corporate,4,32499.48,0.09,118298.11
2024-02-08,Coupe,East,Corporate,5,22194.71,0.08,102095.67
2024-05-22,SUV,West,Individual,2,21131.01,0.09,38458.44
2024-02-05,SUV,West,Individual,4,58192.39,0.09,211820.3
2024-06-24,Truck,West,Corporate,1,25929.68,0.08,23855.31
2024-03-13,Coupe,West,Individual,1,52779.32,0.09,48029.18
2024-01-25,Truck,North,Individual,5,20370.33,0.2,81481.32
2024-06-21,Coupe,South,Corporate,5,41867.39,0.14,180029.78
2024-10-13,SUV,West,Individual,5,36511.15,0.21,144219.04
2024-10-05,Truck,East,Corporate,1,18711.16,0.28,13472.04
2024-12-08,Coupe,North,Corporate,5,31210.99,0.16,131086.16
2024-03-06,Sedan,North,Individual,5,32205.25,0.13,140092.84
2024-10-11,Coupe,West,Corporate,2,28253.83,0.1,50856.89
2024-10-26,SUV,South,Corporate,4,45317.39,0.03,175831.47
2024-12-27,Sedan,South,Individual,4,33586.51,0.01,133002.58
2024-11-12,SUV,South,Individual,5,38059.16,0.03,184586.93
2024-12-13,SUV,North,Corporate,2,49363.79,0.29,70096.58
2024-09-20,Sedan,East,Individual,4,45082.99,0.14,155085.49
2024-07-09,SUV,North,Individual,3,20038.33,0.28,43282.79
2024-09-13,SUV,West,Corporate,1,50913.82,0.09,46331.58
2024-01-30,Truck,South,Corporate,5,49725.03,0.23,191441.37
2024-08-31,SUV,West,Individual,1,31885.93,0.01,31567.07
2024-06-11,Truck,South,Corporate,3,49967.81,0.2,119922.74
2024-02-09,SUV,East,Individual,2,26355.62,0.18,43223.22
2024-10-04,Sedan,West,Individual,5,17593.68,0.2,70374.72
2024-04-05,Coupe,East,Corporate,5,20944.48,0.3,73305.68
2024-04-03,Truck,North,Individual,3,45508.83,0.27,99664.34
2024-01-16,Sedan,East,Corporate,1,22330.34,0.09,20320.61
2024-01-05,Sedan,South,Corporate,5,55328.31,0.01,273875.13
2024-10-22,Coupe,South,Corporate,5,40424.63,0.03,196059.46
2024-08-07,Sedan,North,Corporate,3,33958.56,0.03,98819.41
2024-01-27,Truck,North,Individual,3,53778.5,0.18,132295.11
2024-11-25,Coupe,East,Individual,5,21377.66,0.3,74821.81
2024-01-23,Coupe,North,Individual,2,24146.64,0.11,42981.02
2024-02-11,Coupe,North,Corporate,2,52175.76,0.27,76176.61
2024-06-01,Coupe,West,Individual,1,24693.43,0.0,24693.43
2024-02-02,Sedan,East,Corporate,2,35155.45,0.19,56951.83
2024-10-28,SUV,West,Corporate,5,39537.58,0.17,164080.96
2024-05-23,Truck,North,Corporate,4,18817.62,0.25,56452.86
2024-09-20,Sedan,West,Corporate,1,47967.5,0.21,37894.33
2024-11-29,Truck,South,Corporate,3,30569.67,0.11,81621.02
2024-04-08,Truck,South,Corporate,5,19638.15,0.23,75606.88
2024-10-03,Sedan,North,Corporate,2,30632.14,0.15,52074.64
2024-09-15,Sedan,West,Individual,1,15978.66,0.3,11185.06
2024-07-30,Coupe,North,Individual,1,26131.7,0.02,25609.07
2024-06-15,Truck,East,Corporate,1,53859.49,0.04,51705.11
2024-07-12,Truck,West,Individual,3,39273.79,0.03,114286.73
2024-11-29,SUV,South,Individual,3,38335.42,0.03,111556.07
2024-04-05,Sedan,South,Corporate,4,56735.29,0.01,224671.75
2024-03-10,Truck,West,Individual,1,23451.78,0.04,22513.71
2024-04-27,Coupe,North,Individual,4,47896.03,0.07,178173.23
2024-05-14,Coupe,East,Corporate,5,22683.26,0.04,108879.65
2024-12-05,SUV,East,Individual,5,54005.87,0.29,191720.84
2024-02-04,Sedan,South,Individual,3,20461.24,0.15,52176.16
2024-11-28,SUV,West,Individual,1,54986.32,0.07,51137.28
2024-04-02,Coupe,South,Individual,3,42712.06,0.05,121729.37
2024-04-10,SUV,West,Individual,2,44664.6,0.14,76823.11
2024-05-15,Truck,South,Individual,2,53741.31,0.27,78462.31
2024-06-18,SUV,South,Corporate,1,20984.17,0.09,19095.59
2024-11-07,SUV,West,Corporate,4,16733.11,0.25,50199.33
2024-02-01,SUV,East,Individual,1,48426.98,0.21,38257.31
2024-06-18,SUV,South,Individual,2,26674.29,0.06,50147.67
2024-10-10,Coupe,East,Individual,2,28465.62,0.28,40990.49
2024-10-06,Truck,South,Individual,3,50504.36,0.04,145452.56
2024-08-08,Sedan,North,Corporate,1,46696.93,0.24,35489.67
2024-05-27,Truck,North,Individual,5,24623.49,0.01,121886.28
2024-08-04,Sedan,South,Individual,1,46983.98,0.18,38526.86
2024-08-01,Truck,West,Individual,3,21965.22,0.22,51398.61
2024-12-12,Coupe,East,Corporate,5,41373.07,0.29,146874.4
2024-03-05,Truck,East,Corporate,4,52148.03,0.2,166873.7
2024-03-06,SUV,East,Corporate,2,58139.64,0.0,116279.28
2024-09-16,Coupe,West,Corporate,5,46785.11,0.12,205854.48
2024-09-19,Coupe,West,Corporate,2,38441.58,0.26,56893.54
2024-11-14,Truck,South,Corporate,3,57188.92,0.1,154410.08
2024-10-28,Coupe,North,Corporate,3,31083.68,0.2,74600.83
2024-11-24,SUV,West,Corporate,4,52373.35,0.23,161309.92
2024-10-28,Sedan,North,Individual,2,54910.32,0.07,102133.2
2024-07-31,Truck,West,Individual,2,32888.04,0.19,53278.62
2024-08-14,Truck,West,Corporate,2,37114.71,0.02,72744.83
2024-07-11,Sedan,North,Individual,5,23411.33,0.15,99498.15
2024-11-17,SUV,South,Corporate,4,55067.86,0.11,196041.58
2024-06-30,Truck,East,Corporate,5,50230.14,0.04,241104.67
2024-04-06,Sedan,North,Corporate,1,45862.06,0.08,42193.1
2024-12-03,Sedan,South,Corporate,1,58991.17,0.27,43063.55
2024-02-09,SUV,South,Individual,5,46892.67,0.12,206327.75
2024-08-24,Sedan,West,Individual,5,47761.34,0.05,226866.36
2024-05-16,Truck,North,Corporate,1,48124.19,0.1,43311.77
2024-04-29,Coupe,East,Individual,1,53155.12,0.24,40397.89
2024-08-02,SUV,North,Corporate,1,34494.68,0.19,27940.69
2024-08-11,Truck,North,Individual,1,51388.77,0.23,39569.35
2024-03-17,Sedan,North,Corporate,5,37871.35,0.13,164740.37
2024-12-20,Truck,East,Corporate,3,32575.25,0.02,95771.24
2024-02-08,Coupe,South,Individual,2,36593.99,0.02,71724.22
2024-11-20,SUV,South,Corporate,4,23378.56,0.09,85097.96
2024-10-06,Truck,South,Individual,2,58481.33,0.26,86552.37
2024-11-16,Coupe,West,Corporate,5,33133.26,0.19,134189.7
2024-10-28,Truck,South,Individual,5,48517.71,0.23,186793.18
2024-01-11,SUV,East,Individual,3,35480.54,0.15,90475.38
2024-05-23,Sedan,West,Corporate,5,42589.02,0.15,181003.33
2024-06-26,Sedan,North,Individual,5,26034.53,0.15,110646.75
2024-12-05,Sedan,North,Corporate,4,32873.73,0.02,128865.02
2024-09-22,Coupe,South,Corporate,3,38633.59,0.28,83448.55
2024-04-10,SUV,East,Corporate,2,16528.29,0.2,26445.26
2024-07-22,Sedan,East,Individual,2,30591.7,0.14,52617.72
2024-12-23,SUV,West,Corporate,2,48336.17,0.13,84104.94
2024-07-06,Sedan,North,Corporate,5,54303.7,0.07,252512.2
2024-06-22,SUV,South,Corporate,1,56835.26,0.02,55698.55
2024-02-29,Truck,North,Individual,2,50466.89,0.22,78728.35
2024-12-22,Sedan,West,Corporate,4,51199.35,0.01,202749.43
2024-04-25,Truck,West,Corporate,3,48859.05,0.24,111398.63
2024-06-18,Truck,North,Individual,3,34380.8,0.1,92828.16
2024-03-01,Coupe,South,Corporate,3,30850.45,0.05,87923.78
2024-08-04,Sedan,West,Corporate,5,15451.87,0.28,55626.73
2024-10-14,Sedan,East,Individual,5,20433.29,0.05,97058.13
2024-04-23,Truck,West,Corporate,3,51920.4,0.27,113705.68
2024-08-08,Sedan,North,Individual,3,40418.56,0.18,99429.66
2024-08-13,Coupe,South,Individual,3,20989.52,0.02,61709.19
2024-02-26,Truck,West,Individual,2,42342.43,0.17,70288.43
2024-11-23,Coupe,West,Individual,5,43150.08,0.23,166127.81
2024-06-24,SUV,South,Individual,5,17992.36,0.14,77367.15
2024-01-23,Coupe,East,Individual,2,59867.04,0.11,106563.33
2024-12-26,SUV,South,Individual,2,15826.89,0.07,29438.02
2024-05-15,SUV,West,Corporate,3,40892.89,0.22,95689.36
2024-02-12,Sedan,North,Corporate,3,51928.0,0.24,118395.84
2024-11-29,Coupe,West,Individual,5,25214.54,0.03,122290.52
2024-10-25,Truck,East,Corporate,3,45951.83,0.06,129584.16
2024-10-20,Truck,South,Corporate,1,38801.59,0.15,32981.35
2024-01-14,Truck,West,Corporate,4,31380.71,0.17,104183.96
2024-01-05,Sedan,North,Corporate,2,42041.54,0.24,63903.14
2024-03-06,Coupe,West,Corporate,5,28295.15,0.19,114595.36
2024-06-01,Coupe,South,Corporate,2,25489.91,0.03,49450.43
2024-11-19,SUV,North,Corporate,4,49369.28,0.01,195502.35
2024-04-29,SUV,West,Corporate,1,46951.68,0.15,39908.93
2024-07-05,Truck,East,Individual,4,42466.49,0.14,146084.73
2024-12-23,SUV,South,Individual,2,39680.02,0.19,64281.63
2024-01-29,Truck,West,Corporate,4,43023.16,0.15,146278.74
2024-05-05,Truck,West,Corporate,3,26877.07,0.17,66923.9
2024-07-04,Sedan,South,Individual,1,23852.1,0.1,21466.89
2024-12-18,Sedan,North,Individual,3,18943.82,0.16,47738.43
2024-03-28,Truck,West,Individual,4,17561.67,0.08,64626.95
2024-02-17,Truck,South,Corporate,1,15116.64,0.11,13453.81
2024-11-15,Truck,North,Individual,1,15092.24,0.3,10564.57
2024-06-06,Coupe,West,Individual,5,58487.75,0.07,271968.04
2024-06-29,Coupe,South,Individual,4,23887.68,0.24,72618.55
2024-06-14,SUV,East,Individual,5,15883.93,0.11,70683.49
2024-10-15,Sedan,South,Individual,3,27848.76,0.09,76027.11
2024-08-14,Sedan,South,Individual,5,31103.59,0.1,139966.16
2024-12-23,Truck,North,Corporate,5,31980.13,0.18,131118.53
2024-12-12,SUV,West,Individual,1,53280.09,0.0,53280.09
2024-04-13,Coupe,North,Individual,4,27977.37,0.03,108552.2
2024-07-22,Sedan,West,Individual,2,23493.85,0.07,43698.56
2024-07-23,SUV,North,Corporate,5,19353.01,0.21,76444.39
2024-07-08,Sedan,North,Corporate,3,23936.81,0.13,62475.07
2024-06-04,Sedan,North,Individual,5,53426.22,0.05,253774.54
2024-05-20,Coupe,East,Corporate,4,51930.16,0.19,168253.72
2024-07-04,Coupe,South,Individual,2,28319.23,0.29,40213.31
2024-06-13,Coupe,East,Corporate,4,43417.81,0.01,171934.53
2024-01-29,Coupe,East,Corporate,4,49348.11,0.17,163835.73
2024-12-17,Coupe,West,Individual,3,33120.12,0.11,88430.72
2024-05-21,Sedan,West,Individual,2,34710.5,0.2,55536.8
2024-01-14,Sedan,North,Corporate,3,32803.86,0.11,87586.31
2024-11-13,Truck,South,Individual,4,36457.45,0.25,109372.35
2024-12-03,Coupe,South,Individual,3,39913.69,0.04,114951.43
2024-01-22,SUV,South,Corporate,5,38702.34,0.11,172225.41
2024-07-11,Sedan,South,Individual,2,59672.81,0.28,85928.85
2024-08-30,Coupe,West,Individual,4,29362.5,0.13,102181.5
2024-07-14,SUV,North,Individual,5,18820.4,0.29,66812.42
2024-12-03,Truck,South,Individual,3,28236.32,0.07,78779.33
2024-01-06,Truck,East,Corporate,3,35066.38,0.03,102043.17
2024-05-14,SUV,South,Corporate,5,20577.01,0.1,92596.54
2024-10-02,Coupe,South,Individual,5,49573.92,0.13,215646.55
2024-05-02,SUV,North,Individual,3,29437.32,0.3,61818.37
2024-09-16,Sedan,East,Corporate,5,53434.84,0.18,219082.84
2024-11-01,Truck,East,Corporate,2,59439.18,0.22,92725.12
2024-07-16,Sedan,West,Corporate,4,15523.2,0.09,56504.45
2024-09-08,Truck,East,Individual,3,31182.2,0.17,77643.68
2024-10-10,Truck,South,Corporate,1,17531.08,0.01,17355.77
2024-02-20,SUV,West,Individual,1,34772.9,0.05,33034.25
2024-11-19,Sedan,West,Corporate,3,49477.84,0.16,124684.16
2024-04-07,Sedan,South,Corporate,3,20844.08,0.15,53152.4
2024-04-05,Coupe,South,Corporate,5,24837.14,0.11,110525.27
2024-06-13,SUV,South,Individual,1,24583.4,0.23,18929.22
2024-04-11,SUV,North,Corporate,4,59768.36,0.13,207993.89
2024-10-24,SUV,East,Individual,1,45829.43,0.26,33913.78
2024-10-19,SUV,South,Individual,4,59807.86,0.01,236839.13
2024-10-05,SUV,South,Corporate,2,41846.33,0.21,66117.2
2024-09-13,Truck,North,Corporate,4,45440.32,0.15,154497.09
2024-10-30,Sedan,West,Individual,4,39187.22,0.14,134804.04
2024-01-04,Sedan,North,Individual,5,18336.54,0.11,81597.6
2024-11-30,Coupe,West,Corporate,1,44827.77,0.26,33172.55
2024-03-21,Sedan,South,Individual,1,23370.66,0.03,22669.54
2024-07-06,Coupe,West,Individual,5,38931.34,0.11,173244.46
2024-09-07,Sedan,East,Corporate,3,35168.82,0.02,103396.33
2024-09-23,SUV,North,Corporate,3,23150.37,0.01,68756.6
2024-04-10,Truck,West,Corporate,4,58301.25,0.14,200556.3
2024-07-23,Coupe,West,Individual,1,19070.3,0.2,15256.24
2024-03-14,Truck,West,Individual,5,49734.13,0.17,206396.64
2024-10-09,Coupe,North,Corporate,1,45840.15,0.27,33463.31
2024-03-08,SUV,West,Corporate,5,20136.11,0.3,70476.38
2024-04-12,Coupe,North,Corporate,2,55367.35,0.28,79728.98
2024-10-08,Truck,South,Individual,2,55686.28,0.0,111372.56
2024-07-31,Truck,South,Corporate,4,34083.55,0.07,126790.81
2024-05-27,Truck,West,Corporate,5,45488.08,0.19,184226.72
2024-05-22,SUV,South,Corporate,3,21873.46,0.11,58402.14
2024-02-28,Coupe,West,Individual,3,52214.72,0.11,139413.3
2024-10-07,Sedan,West,Corporate,2,51228.22,0.21,80940.59
2024-04-07,Coupe,East,Individual,5,24536.23,0.25,92010.86
2024-01-02,Sedan,East,Corporate,3,54908.38,0.26,121896.6
2024-12-28,Sedan,South,Individual,1,46211.84,0.09,42052.77
2024-06-14,SUV,South,Individual,3,28112.78,0.13,73374.36
2024-05-24,Truck,South,Corporate,3,21513.34,0.26,47759.61
2024-12-16,SUV,East,Corporate,4,39441.97,0.23,121481.27
2024-02-10,Truck,North,Corporate,4,48877.17,0.12,172047.64
2024-11-22,Sedan,West,Corporate,4,25440.72,0.0,101762.88
2024-07-31,SUV,North,Corporate,1,44572.39,0.17,36995.08
2024-11-06,Sedan,West,Individual,3,41103.04,0.13,107278.93
2024-05-20,Sedan,South,Corporate,4,26414.58,0.21,83470.07
2024-04-12,SUV,South,Individual,1,48420.43,0.03,46967.82
2024-08-05,Coupe,North,Individual,3,34362.22,0.13,89685.39
2024-06-20,Sedan,South,Corporate,2,36605.13,0.2,58568.21
2024-11-26,Coupe,West,Individual,1,18470.42,0.13,16069.27
2024-10-12,Sedan,South,Corporate,4,41701.23,0.21,131775.89
2024-04-09,Coupe,East,Corporate,2,17068.32,0.02,33453.91
2024-06-01,SUV,South,Individual,3,57572.43,0.15,146809.7
2024-11-02,Truck,West,Individual,1,52960.49,0.29,37601.95
2024-08-07,Truck,South,Corporate,5,37627.81,0.02,184376.27
2024-10-07,Truck,South,Individual,5,30787.09,0.22,120069.65
2024-02-08,SUV,South,Corporate,5,28139.84,0.07,130850.26
2024-08-10,Coupe,North,Individual,2,32170.65,0.04,61767.65
2024-10-16,SUV,East,Corporate,5,39356.16,0.05,186941.76
2024-02-20,Truck,West,Individual,4,59676.03,0.07,221994.83
2024-08-10,SUV,West,Corporate,5,49349.72,0.09,224541.23
2024-09-27,Sedan,West,Corporate,2,49092.24,0.2,78547.58
2024-01-29,Sedan,North,Corporate,4,16521.43,0.1,59477.15
2024-01-25,Coupe,North,Corporate,1,38975.37,0.14,33518.82
2024-05-21,SUV,South,Corporate,1,50909.65,0.06,47855.07
2024-02-04,Truck,East,Individual,5,57270.38,0.24,217627.44
2024-12-24,Sedan,West,Individual,4,18557.78,0.16,62354.14
2024-04-07,SUV,South,Corporate,3,55413.61,0.28,119693.4
2024-07-23,SUV,East,Corporate,3,42456.3,0.11,113358.32
2024-08-12,Sedan,South,Individual,3,49619.84,0.27,108667.45
2024-11-29,Truck,West,Corporate,4,44674.16,0.29,126874.61
2024-12-03,SUV,West,Corporate,3,21331.13,0.22,49914.84
2024-09-08,SUV,East,Corporate,1,37153.47,0.27,27122.03
2024-09-01,Coupe,East,Corporate,4,37216.36,0.1,133978.9
2024-12-27,Coupe,South,Corporate,1,31760.44,0.24,24137.93
2024-07-22,SUV,West,Individual,2,27277.44,0.15,46371.65
2024-07-12,Sedan,East,Corporate,5,50160.95,0.22,195627.7
2024-09-08,Truck,West,Corporate,4,32855.64,0.11,116966.08
2024-09-21,Coupe,South,Corporate,5,32500.87,0.22,126753.39
2024-01-11,Sedan,East,Individual,1,30772.76,0.08,28310.94
2024-12-08,Coupe,South,Corporate,2,38617.98,0.06,72601.8
2024-10-08,Coupe,South,Corporate,2,55540.26,0.23,85532.0
2024-09-21,SUV,South,Corporate,4,16728.42,0.03,64906.27
2024-10-11,Sedan,North,Corporate,5,48105.92,0.09,218881.94
2024-03-21,SUV,North,Individual,3,16670.79,0.29,35508.78
2024-06-28,SUV,South,Individual,2,22154.76,0.23,34118.33
2024-08-27,SUV,North,Corporate,4,36488.15,0.25,109464.45
2024-05-23,SUV,North,Individual,3,21539.66,0.07,60095.65
2024-08-16,Sedan,East,Corporate,2,43235.1,0.0,86470.2
2024-10-01,SUV,West,Individual,4,47795.51,0.2,152945.63
2024-06-24,Sedan,South,Corporate,2,23013.4,0.15,39122.78
2024-07-05,Truck,East,Corporate,2,35553.66,0.07,66129.81
2024-02-14,SUV,South,Corporate,3,26588.09,0.02,78168.98
2024-12-08,Coupe,East,Individual,5,15070.54,0.06,70831.54
2024-01-28,SUV,South,Individual,2,40861.1,0.23,62926.09
2024-11-06,Coupe,East,Individual,3,18147.32,0.03,52808.7
2024-05-06,SUV,North,Individual,3,53169.67,0.26,118036.67
2024-03-02,Sedan,South,Corporate,1,34832.35,0.18,28562.53
2024-10-20,Sedan,East,Individual,5,16728.21,0.07,77786.18
2024-02-20,Sedan,North,Corporate,3,51764.04,0.19,125786.62
2024-05-23,SUV,North,Individual,3,59967.42,0.14,154715.94
2024-05-29,Truck,East,Individual,1,46729.6,0.16,39252.86
2024-09-09,Coupe,West,Corporate,1,33459.44,0.04,32121.06
2024-04-29,Sedan,South,Corporate,3,56976.95,0.13,148709.84
2024-08-01,Sedan,East,Individual,5,50789.09,0.22,198077.45
2024-08-19,Sedan,South,Corporate,2,57441.27,0.16,96501.33
2024-05-22,Truck,North,Individual,2,57239.53,0.26,84714.5
2024-04-07,Truck,North,Corporate,4,34916.47,0.15,118716.0
2024-12-27,Sedan,North,Corporate,1,35154.95,0.14,30233.26
2024-04-11,Truck,West,Individual,5,22919.57,0.28,82510.45
2024-11-11,Sedan,East,Corporate,3,54139.58,0.2,129934.99
2024-02-09,Sedan,West,Corporate,4,31198.29,0.22,97338.66
2024-09-15,Coupe,West,Corporate,2,18636.88,0.28,26837.11
2024-09-22,SUV,West,Individual,2,46545.35,0.13,80988.91
2024-07-02,Truck,West,Individual,4,54539.12,0.18,178888.31
2024-03-12,Sedan,North,Corporate,1,24353.72,0.05,23136.03
2024-08-22,Coupe,North,Individual,5,54449.17,0.17,225964.06
2024-10-31,Truck,South,Individual,2,24292.58,0.23,37410.57
2024-10-24,Coupe,North,Individual,4,23892.13,0.26,70720.7
2024-05-01,Coupe,South,Individual,4,41058.09,0.07,152736.09
2024-01-01,Sedan,East,Corporate,2,39083.48,0.14,67223.59
2024-01-20,Truck,West,Corporate,1,41380.89,0.13,36001.37
2024-02-26,SUV,North,Individual,3,47374.15,0.25,106591.84
2024-01-07,SUV,South,Corporate,1,57847.64,0.26,42807.25
2024-12-02,Truck,North,Individual,2,36162.55,0.11,64369.34
2024-11-19,Coupe,East,Corporate,2,46467.46,0.17,77135.98
2024-11-26,Sedan,East,Corporate,2,52216.95,0.13,90857.49
2024-11-05,Coupe,South,Corporate,2,53033.24,0.21,83792.52
2024-03-29,Truck,East,Corporate,4,43318.18,0.26,128221.81
2024-12-28,Coupe,East,Corporate,5,27360.89,0.21,108075.52
2024-07-27,SUV,North,Individual,3,29739.86,0.11,79405.43
2024-05-03,SUV,West,Individual,4,19967.65,0.03,77474.48
2024-09-27,Coupe,West,Individual,1,25265.84,0.06,23749.89
2024-05-29,Coupe,East,Individual,4,53229.18,0.06,200141.72
2024-06-07,Coupe,North,Individual,1,23748.68,0.19,19236.43
2024-04-05,Coupe,North,Individual,1,34917.26,0.27,25489.6
2024-09-06,Coupe,North,Individual,1,46010.55,0.24,34968.02
2024-02-05,Sedan,North,Corporate,1,50282.6,0.18,41231.73
2024-05-24,SUV,South,Individual,4,24923.85,0.03,96704.54
2024-02-04,Sedan,East,Individual,5,44911.39,0.03,217820.24
2024-05-17,Sedan,East,Corporate,2,42920.64,0.04,82407.63
2024-02-15,Truck,West,Corporate,5,43337.2,0.24,164681.36
2024-06-21,Sedan,North,Corporate,1,54997.51,0.09,50047.73
2024-05-30,Coupe,East,Corporate,2,52280.8,0.14,89922.98
2024-11-16,SUV,East,Individual,1,18039.56,0.15,15333.63
2024-09-01,SUV,East,Corporate,2,33907.47,0.22,52895.65
2024-08-20,Truck,South,Individual,2,40298.04,0.2,64476.86
2024-01-04,Truck,West,Individual,3,56654.56,0.02,166564.41
2024-09-07,Coupe,North,Individual,3,21866.51,0.14,56415.6
2024-11-24,Coupe,West,Corporate,3,48809.17,0.22,114213.46
2024-08-07,Sedan,West,Individual,4,32224.26,0.02,126319.1
2024-05-10,Truck,West,Corporate,4,33417.34,0.17,110945.57
2024-03-15,SUV,North,Individual,2,23916.58,0.05,45441.5
2024-01-28,Sedan,North,Corporate,5,41352.36,0.03,200558.95
2024-09-17,Sedan,South,Individual,5,15167.71,0.22,59154.07
2024-11-15,Sedan,South,Corporate,2,59010.79,0.02,115661.15
2024-08-14,Truck,West,Individual,4,56317.96,0.19,182470.19
2024-01-14,Sedan,North,Individual,3,42318.45,0.28,91407.85
2024-12-19,Sedan,West,Individual,2,27142.0,0.17,45055.72
